ID,nom,Atmospheric,Fantasy,Relaxing,Funny,Horror,Sci_fi,Futuristic,Retro,Dark,Mystery,Survival,Psychological_Horror,Medieval,Management,Sports,Building,Tactical,Drama,Space,Romance,Racing,Dark_Fantasy,Logic,Emotional,Nature,Post_apocalyptic,War,Historical,Zombies,Stealth,Investigation,Dark_Humor,Parkour,Flight,Pirates,Steampunk,Indie,Action,Casual,Adventure,Simulation,RPG,Strategy,Action_Adventure,_3D,_2D,First_Person,Third_Person,Top_Down,Realistic,Cartoony,Hand_drawn,Text_Based,Isometric,PvP,PvE,Open_World,Story_Rich,Combat,Controller,Choices_Matter,Linear,Turn_Based_Combat,Turn_Based_Tactics,Hack_and_Slash,Deckbuilding,Team_Based,Puzzle,Platformer,Shooter,Arcade,Visual_Novel,Roguelike,Sandbox,Point_&_Click,RTS,Tower_Defense,Rhythm,Singleplayer,Multiplayer,Online_Co_op,Local_Co_op
730,Counter-Strike: Global Offensive,0,0,0,0,0,0,0,0,0,0,0,0,0,0,0,0,0.09833670860861193,0,0,0,0,0,0,0,0,0,0.06654114120665695,0,0,0,0,0,0,0,0,0,0,0.11295868568203483,0,0,0,0,0.07158982579785342,0,0,0,0.09376467296191077,0,0,0.060463274317396024,0,0,0,0,0.08201918926994456,0,0,0,0,0,0,0,0,0,0,0,0.11038572993687366,0,0,0.15564366578609135,0,0,0,0,0,0,0,0,0,0.1482971064326265,0,0
1172470,Apex Legends,0,0,0,0.053644314868804666,0,0.05889212827988338,0,0,0,0,0.058075801749271135,0,0,0,0,0,0.06623906705539359,0,0,0,0,0,0,0,0,0,0,0,0,0,0,0,0,0,0,0,0,0.09760932944606414,0,0,0,0,0,0,0,0,0.13014577259475218,0,0,0,0,0,0,0,0.11055393586005831,0,0,0,0,0,0,0,0,0,0,0,0.08723032069970846,0,0,0.16151603498542275,0,0,0,0,0,0,0,0,0,0.1760932944606414,0,0
578080,PUBG: BATTLEGROUNDS,0,0,0,0,0,0,0,0,0,0,0.21426927171754956,0,0,0,0,0,0.07308721549218772,0,0,0,0,0,0,0,0,0,0,0,0,0.018847293758812188,0,0,0,0,0,0,0,0.08695652173913043,0,0,0.020300405720369466,0,0.04514718153828447,0,0,0,0.05921790924524502,0,0,0,0,0,0,0,0.11127096941271257,0,0,0,0,0,0,0,0,0,0,0,0.03032831697982908,0,0,0.1839841164791529,0,0,0,0,0,0,0,0,0,0.15659079791672662,0,0
1623730,Palworld,0,0,0,0,0,0,0,0,0,0,0.18575268817204302,0,0,0,0,0.08225806451612903,0,0,0,0,0,0,0,0,0,0,0,0,0,0,0,0,0,0,0,0,0,0.06895161290322581,0,0.11236559139784946,0,0.0678763440860215,0,0,0,0,0,0,0,0,0,0,0,0,0,0,0.20268817204301076,0,0,0,0,0,0,0,0,0,0,0,0,0,0,0,0,0.0978494623655914,0,0,0,0,0,0.18225806451612903,0,0
440,Team Fortress 2,0,0,0,0.1106253036296759,0,0,0,0,0,0,0,0,0,0,0,0,0.04703079094084715,0,0,0,0,0,0,0,0,0,0,0,0,0,0,0,0,0,0,0,0,0.14103453859856108,0,0,0,0,0,0,0,0,0.09299743216045527,0,0,0,0.08292271034307262,0,0,0,0,0,0,0,0,0,0,0,0,0,0,0,0.11094917528396604,0,0,0.14877275776713628,0,0,0,0,0,0,0,0,0,0.26566729127628563,0,0
1938090,Call of Duty: Modern Warfare II,0.06983479233857698,0,0,0,0,0,0,0,0,0,0,0,0,0,0,0,0.08806687290199434,0,0,0,0,0,0,0,0,0,0.09991443427894425,0,0,0,0,0,0,0,0,0,0,0.11413150793128414,0,0,0,0,0,0,0,0,0.10353452247745672,0,0,0.08444678470348187,0,0,0,0,0,0,0,0.0811557954321069,0,0,0,0,0,0,0,0,0,0,0,0.11867307312578161,0,0,0,0,0,0,0,0,0.11518462449812414,0.12505759231224906,0,0
1063730,New World: Aeternum,0,0.07561728395061729,0,0,0,0,0,0,0,0,0,0,0,0,0,0,0,0,0,0,0,0,0,0,0,0,0,0,0,0,0,0,0,0,0,0,0,0.10912698412698413,0,0.1267636684303351,0,0.1437389770723104,0,0,0,0,0,0,0,0,0,0,0,0,0.10604056437389771,0.10339506172839506,0.18540564373897708,0,0,0,0,0,0,0,0,0,0,0,0,0,0,0,0,0.037698412698412696,0,0,0,0,0.022707231040564373,0.08950617283950617,0,0
2358720,Black Myth: Wukong,0.06280655580811102,0.04916856083263548,0,0,0,0,0,0,0,0,0,0,0,0,0,0,0,0.07541913762753576,0,0,0,0.07191564267769555,0,0,0,0,0,0,0,0,0,0,0,0,0,0,0,0.12381863859313315,0,0.06205458616034044,0,0.10995847076717995,0,0.07596602464409619,0.05299676994855844,0,0,0,0,0,0,0,0,0,0,0,0,0.0906294327756225,0.09327841676208706,0,0,0,0,0,0.04380223198263634,0,0,0,0,0,0,0,0,0,0,0,0,0,0.08818553142036813,0,0,0
271590,Grand Theft Auto V Legacy,0.05574082896617437,0,0,0.0527478070790012,0,0,0,0,0,0,0,0,0,0,0,0,0,0,0,0,0.06496651066334108,0,0,0,0,0,0,0,0,0,0,0,0,0,0,0,0,0.13203486253958469,0,0.07655185942885968,0,0,0,0,0,0,0.10251940700053247,0,0,0,0,0,0,0,0,0,0.18314603592747247,0,0,0,0,0,0,0,0,0,0,0,0,0.08391110612896897,0,0,0,0.05612756774934843,0,0,0,0,0.07021831124064681,0.12203570327606984,0,0
550,Left 4 Dead 2,0,0,0,0,0.0753934481594056,0,0,0,0,0,0.07828436339074638,0,0,0,0,0,0.027585275244849713,0,0,0,0,0,0,0,0,0.039729821006416755,0,0,0.2880243161094225,0,0,0,0,0,0,0,0,0.09063154339750085,0,0.030084430935494764,0,0,0,0,0,0,0.06226274907125971,0,0,0,0,0,0,0,0,0,0,0,0,0,0,0,0,0,0,0,0.04915906788247214,0,0,0.09635933806146572,0,0,0,0,0,0,0,0,0.03386693684566025,0.12861870989530563,0,0
304930,Unturned,0.07005997684438287,0,0,0,0,0,0,0,0,0,0.07878129329815704,0,0,0,0,0,0,0,0,0,0,0,0,0,0,0.07055820221306963,0,0,0.07292595896520963,0,0,0,0,0,0,0,0.0701121718830072,0.07038738208666274,0.07005523184087156,0.07058667223413745,0,0,0,0,0,0,0.0704870271604001,0,0,0,0,0,0,0,0,0,0.0717539430979179,0,0,0,0,0,0,0,0,0,0,0,0,0.07073851234649914,0,0,0,0.0708571374342817,0,0,0,0,0.07043008711826447,0.07226640347713857,0,0
1599340,Lost Ark,0,0.08907901358832411,0,0,0,0,0,0,0,0,0,0,0,0,0,0,0,0,0,0,0,0,0,0,0,0,0,0,0,0,0,0,0,0,0,0,0,0.10065425264217413,0,0.0926019124308002,0,0.12833417211877202,0,0,0,0,0,0,0,0,0,0,0,0.07851031706089583,0.08505284348263714,0.09058882737795672,0,0,0,0,0,0,0,0,0.13940613990941117,0,0,0,0,0,0,0,0,0,0,0,0,0,0.051836940110719675,0.14393558127830902,0,0
236390,War Thunder,0,0,0,0,0,0,0,0,0,0,0,0,0,0,0,0,0,0,0,0,0,0,0,0,0,0,0.11705795928158076,0,0,0,0,0,0,0.1210758298102006,0,0,0,0.10785283799586219,0,0,0.181283919522653,0,0,0,0,0,0,0,0,0.10788282210428472,0,0,0,0,0,0,0,0,0.14407364097028574,0,0,0,0,0,0,0,0,0,0,0.10785283799586219,0,0,0,0,0,0,0,0,0,0.11292015231927079,0,0
2246340,Monster Hunter Wilds,0.09732316965077115,0.11221414642793831,0,0,0,0,0,0,0,0,0,0,0,0,0,0,0,0,0,0,0,0,0,0,0,0,0,0,0,0,0,0,0,0,0,0,0,0.17248714766885304,0,0.11638007445488388,0,0.1064527566034391,0,0,0,0,0,0,0,0,0,0,0,0,0,0,0.1303846835667435,0,0,0,0,0,0,0,0,0,0,0,0,0,0,0,0,0,0,0,0,0,0.10033681971281688,0.16442120191455414,0,0
553850,HELLDIVERS 2,0,0,0,0,0,0.12835108336393683,0,0,0,0,0,0.05637164891663606,0,0,0,0,0,0,0.11457950789570327,0,0,0,0,0,0,0,0,0,0,0,0,0,0,0,0,0,0,0.14689680499449137,0,0,0,0,0,0,0,0,0,0,0,0,0,0,0,0,0,0.16654425266250458,0.041681968417186924,0,0,0,0,0,0,0,0,0,0,0,0,0.14028644876973925,0,0,0,0,0,0,0,0,0.04461990451707675,0.16066838046272494,0,0
230410,Warframe,0,0,0,0,0,0.09252085462366613,0,0,0,0,0,0,0,0,0,0,0,0,0.09208118449509232,0,0,0,0,0,0,0,0,0,0,0,0,0,0.09142762079045559,0,0,0,0,0.17804263611949522,0,0,0,0.17742472134420229,0,0,0,0,0,0,0,0,0,0,0,0,0,0.09293675879934406,0,0,0,0,0,0,0,0,0.09143950376690353,0,0,0,0,0.09162963139007059,0,0,0,0,0,0,0,0,0.09249708867077025,0,0,0
1245620,ELDEN RING,0.06993642143505904,0.09451817995370777,0,0,0,0,0,0,0,0,0,0,0,0,0,0,0,0,0,0,0,0.14511734200580118,0,0,0,0,0,0,0,0,0,0,0,0,0,0,0,0.08320881310245817,0,0,0,0.13790981805396854,0,0,0.060531481644253024,0,0,0,0,0,0,0,0,0,0.06914535173302863,0,0.14877970173742347,0,0,0,0,0,0,0,0,0,0,0,0,0,0,0,0,0,0,0,0,0,0.0913832000234391,0.0994696903108611,0,0
105600,Terraria,0.03150887444562051,0,0,0,0,0,0,0,0,0,0.11273913766106529,0,0,0,0,0.08924306970966697,0,0,0,0,0,0,0,0,0,0,0,0,0,0,0,0,0,0,0,0,0.054042705809284705,0.050132526220947014,0,0.10213703998530402,0,0.04724581645774469,0,0,0,0.11155821093975524,0,0,0,0,0,0,0,0,0,0,0.06726033748261413,0,0,0,0,0,0,0,0,0,0,0,0.035585258535475915,0,0,0,0,0.1416762161358328,0,0,0,0,0.04588119002423087,0.11098961659245782,0,0
2694490,Path of Exile 2,0,0,0,0,0.054120976299964624,0,0,0,0.05129112133003184,0,0,0,0,0,0,0,0,0,0,0,0,0.12840466926070038,0,0,0,0,0,0,0,0,0,0,0,0,0,0,0,0.1262822780332508,0,0.10788822072868766,0,0.14679872656526352,0,0,0,0,0,0,0,0,0,0,0,0.1280509373894588,0,0,0,0,0,0,0,0,0,0,0.16200919702865227,0,0,0,0,0,0,0,0,0,0,0,0,0,0,0.0951538733639901,0,0
431960,Wallpaper Engine,0,0,0,0.13145945945945947,0.07308108108108108,0,0,0,0,0,0,0,0,0,0,0,0,0,0,0,0,0,0,0,0,0,0,0,0,0,0,0,0,0,0,0,0.1827027027027027,0.1535135135135135,0,0,0,0,0,0,0,0,0.22875675675675675,0,0,0,0,0,0,0,0,0,0,0,0,0,0,0,0,0,0,0,0,0,0,0,0,0,0,0.08735135135135134,0,0,0,0,0.14313513513513512,0,0,0
1086940,Baldur's Gate 3,0,0.08190517888416313,0,0,0,0,0,0,0,0,0,0,0,0,0,0,0,0,0,0.07655741806354766,0,0.0509131848886665,0,0,0,0,0,0,0,0,0,0,0,0,0,0,0,0,0,0.08062296722541906,0,0.14185639229422067,0.06511133350012509,0,0,0,0,0,0,0,0,0,0,0,0,0,0,0.10683012259194395,0.04712909682261696,0,0.10867525644233175,0,0.10539154365774331,0,0,0,0,0,0,0,0,0,0,0,0,0,0,0,0.063922942206655,0.07108456342256693,0,0
291550,Brawlhalla,0,0.1040143019665204,0,0,0,0,0,0,0,0,0,0,0,0,0,0,0,0,0,0,0,0,0,0,0,0,0,0,0,0,0,0,0,0,0,0,0.10000541741156076,0.10563952543474728,0.11094858876428842,0,0,0,0,0,0,0,0,0,0,0,0.10206403380464814,0,0,0,0,0,0,0,0,0.10666883363129097,0,0,0,0,0,0,0,0,0.10656048540007584,0,0,0,0,0,0,0,0,0,0.10119724795492714,0.16290156563194105,0,0
4000,Garry's Mod,0,0,0,0.0770645565727533,0,0,0,0,0,0,0,0,0,0,0,0.08542686821375346,0,0,0,0,0,0,0,0,0,0,0,0,0,0,0,0,0,0,0,0,0.07539091145648523,0.0758462848626783,0.07801078702718046,0,0.07599413337118255,0,0,0,0,0,0.0765145601211175,0,0,0.05328460246493033,0,0,0,0,0.05332008610697135,0,0,0,0,0,0,0,0,0,0,0,0,0,0,0.07590542426608,0,0,0,0.11110519717077094,0,0,0,0,0.07633122797057224,0.08580536039552433,0,0
1085660,Destiny 2,0.07640449438202247,0,0,0,0,0.08591184096802075,0,0,0,0,0,0,0,0,0,0,0,0,0.0817286084701815,0,0,0,0,0,0,0,0,0,0,0,0,0,0,0,0,0,0,0.08542783059636992,0,0.08297320656871218,0,0,0,0,0,0,0.08660328435609334,0,0,0,0,0,0,0,0.09621434745030251,0.09894554883318928,0.10738115816767502,0,0,0,0,0,0,0,0,0,0,0,0,0.09241140881590319,0,0,0,0,0,0,0,0,0,0.10599827139152981,0,0
359550,Tom Clancy's Rainbow Six Siege,0,0,0,0,0,0,0,0,0,0,0,0,0,0,0,0,0.1253097296404383,0,0,0,0,0,0,0,0,0,0.0671631518088211,0,0,0,0,0,0,0,0,0,0,0.12318980232366059,0,0,0,0,0.06801662904025109,0,0.02625130774737074,0,0.06782390837508948,0,0,0.06727327790319916,0,0,0,0,0.12656241396398876,0,0,0,0,0,0,0,0,0,0,0,0.07795550905787127,0,0,0.12514454049887122,0,0,0,0,0,0,0,0,0,0.1253097296404383,0,0
252490,Rust,0,0,0,0,0,0,0,0,0,0,0.19869034899343058,0,0,0,0,0.08945402998021772,0,0,0,0,0,0,0,0,0,0.03190555279332268,0,0,0,0,0,0,0,0,0,0,0.03305863808989834,0.052470670376286645,0,0.06259454770493711,0.02790677992996858,0,0,0,0,0,0.057273429317987075,0,0,0,0,0,0,0,0.08191137111362651,0,0.11995260713643432,0,0,0,0,0,0,0,0,0,0,0,0,0.04172264596049889,0,0,0,0.07719324228543621,0,0,0,0,0,0.12586613631795535,0,0
552990,World of Warships,0,0,0,0,0,0,0,0,0,0,0,0,0,0,0,0,0.09099145119172493,0,0,0,0,0,0,0,0,0,0.09046633053745579,0.0903350503738885,0,0,0,0,0,0,0,0,0,0.09522621131946962,0,0,0.09036494585668106,0,0,0,0,0,0,0,0,0.0902752594083034,0,0,0,0,0.09050142523464705,0.09037534428547847,0,0,0,0,0,0,0,0,0,0,0.09040783937547037,0,0,0.09033245076668915,0,0,0,0,0,0,0,0,0,0.09072369165019166,0,0
346110,ARK: Survival Evolved,0,0,0,0,0,0.03711095603628751,0,0,0,0,0.17129099790648988,0,0,0,0,0.10456385205861829,0,0,0,0,0,0,0,0,0,0,0,0,0,0,0,0,0,0,0,0,0.02992323796231682,0.06840195394277739,0,0.09214235868806699,0,0.04565247732030705,0,0,0,0,0.06263782274947663,0,0,0,0,0,0,0,0,0,0.1332868108862526,0,0,0,0,0,0,0,0,0,0,0,0,0,0,0,0,0.06266573621772505,0,0,0,0,0.056957431960921144,0.13536636427076065,0,0
413150,Stardew Valley,0,0,0.12383034887614995,0,0,0,0,0,0,0,0,0,0,0,0,0.07131178220357347,0,0,0,0,0,0,0,0,0,0,0,0,0,0,0,0,0,0,0,0,0.0851801508973071,0,0.06611114394342336,0,0.10454464866142663,0.128636999389319,0,0,0,0.05903906388511317,0,0,0,0,0,0,0,0,0,0,0.06555956109764986,0,0,0,0,0,0,0,0,0,0,0,0,0,0,0,0,0.08624391781415598,0,0,0,0,0.06617024210547053,0.14337214112641097,0,0
242760,The Forest,0.041366827071652464,0,0,0,0.130148779303342,0,0,0,0,0,0.17903550983768193,0,0,0,0,0.08270422203581887,0,0,0,0,0,0,0,0,0,0,0,0,0.025650081674098275,0,0,0,0,0,0,0,0.03375862728650685,0.05587685606227834,0,0.08391093844274719,0.03824702367813047,0,0,0,0,0,0.0689741438935735,0,0,0.03611319588539137,0,0,0,0,0,0,0.13042838432445955,0,0,0,0,0,0,0,0,0,0,0,0,0,0,0,0,0.0496078171677483,0,0,0,0,0.04417759333657086,0,0,0
1491000,War Robots: Frontiers,0,0,0,0,0,0.10407247568160022,0.07047198246335114,0,0,0,0,0,0,0,0,0,0,0,0,0,0,0,0,0,0,0,0,0,0,0,0,0,0,0,0,0,0,0.20799082066036442,0,0,0.0038532675709001232,0,0,0,0.013769009453349773,0,0,0,0,0,0,0,0,0,0.2757055761063159,0,0,0,0.017057131113851213,0.011987943553911494,0,0,0,0,0,0,0.017159884915741882,0,0,0.036665981641320726,0,0,0,0,0,0,0,0,0,0.24126592683929304,0,0
238960,Path of Exile,0,0.045686082196981684,0,0,0.09406144208561394,0,0,0,0,0,0,0,0,0,0,0,0,0,0,0,0,0.12551017179738666,0,0,0,0,0,0,0,0,0,0,0,0,0,0,0,0.09542190021197836,0,0.042110924795140316,0,0.09700382826589046,0,0,0,0,0,0,0,0,0,0,0,0.0976998766096118,0.09437782769639637,0,0,0,0,0,0,0,0,0,0.11288638592716803,0,0,0,0,0,0,0,0,0,0,0,0,0,0.0960546714335432,0.09918688898028917,0,0
218620,PAYDAY 2,0,0,0,0.034781696053736356,0,0,0,0,0,0,0,0,0,0,0,0,0.07162048698572628,0,0,0,0,0,0,0,0,0,0,0,0,0.12949202350965575,0,0,0,0,0,0,0,0.15942485306465157,0,0,0.03331234256926952,0,0.04922334172963896,0,0,0,0.09070109151973132,0,0,0,0,0,0,0,0,0.05887909319899244,0,0,0,0,0,0,0,0,0,0,0.0913727959697733,0,0,0.1019311502938707,0,0,0,0,0,0,0,0,0.04634760705289673,0.1329135180520571,0,0
291480,Warface: Clutch,0,0,0,0,0,0,0,0,0,0,0,0,0,0,0,0,0.08132482671707625,0,0,0,0,0,0,0,0,0,0.06761972274732199,0,0,0,0,0,0,0,0,0,0,0.13397920604914934,0,0,0,0,0,0,0,0,0.08900441083805923,0,0,0.07959199747952111,0,0,0,0,0.10625393824826718,0.07329080025204789,0,0,0,0,0,0,0,0,0,0,0.08152173913043478,0,0,0.1374054820415879,0,0,0,0,0,0,0,0,0,0.15000787649653435,0,0
901583,Grand Theft Auto IV: Complete Edition,0.049737777025883945,0,0,0.0460159025545593,0,0,0,0,0,0,0,0,0,0,0,0,0,0,0,0,0,0,0,0,0,0,0,0,0,0,0,0.04618507866689223,0,0,0,0,0,0.17661986127558787,0,0.10074437489426492,0,0,0,0,0,0,0,0,0,0,0,0,0,0,0,0,0.22491964134664186,0,0,0,0,0,0,0,0,0,0,0,0,0.07367619692099475,0,0,0,0.07697513111148706,0,0,0,0,0.08534934867196751,0.11977668753172052,0,0
899770,Last Epoch,0,0.046787273861509666,0,0,0,0,0,0,0,0,0,0,0,0,0,0,0,0,0,0,0,0,0,0,0,0,0,0,0,0,0,0,0,0,0,0,0.05988771054273238,0.08296943231441048,0,0.07361197754210855,0,0.16968184653774174,0,0,0,0,0,0,0.07298814722395508,0,0,0,0,0.12850904553961323,0,0,0,0,0,0,0,0,0,0,0.18714909544603867,0,0,0,0,0,0,0,0,0,0,0,0,0,0.054273237679351216,0.12414223331253899,0,0
340,Half-Life 2: Lost Coast,0.053283100107642624,0,0,0,0,0.1356297093649085,0.04951560818083961,0,0,0,0,0,0,0,0,0,0,0,0,0,0,0,0,0,0,0.02529601722282024,0,0,0,0,0,0,0,0,0,0,0,0.19644779332615717,0,0.059203444564047365,0,0,0,0,0,0,0.13885898815931108,0,0,0,0,0,0,0,0,0,0,0.024757804090419805,0,0,0,0,0,0,0,0,0,0,0,0.12271259418729817,0,0,0,0,0,0,0,0,0.17115177610333693,0.023143164693218515,0,0
1091500,Cyberpunk 2077,0.09131957242904534,0,0,0,0,0.10617858459270181,0.10475027644673793,0,0,0,0,0,0,0,0,0,0,0,0,0,0,0,0,0,0,0,0,0,0,0,0,0,0,0,0,0,0,0.07291282712863988,0,0.052041098415038706,0,0.11603851824548471,0,0,0,0,0.09684850718761519,0,0,0,0,0,0,0,0,0,0.14008938444526356,0.10521102100995208,0,0,0,0,0,0,0,0,0,0,0,0,0,0,0,0,0,0,0,0,0.11461021009952083,0,0,0
381210,Dead by Daylight,0.06580133040387984,0,0,0,0.40869926189921735,0,0,0,0,0,0.06970951836139601,0.06678343981289298,0,0,0,0,0,0,0,0,0,0,0,0,0,0,0,0,0,0.06761367663288345,0,0,0,0,0,0,0,0.06645944495631131,0,0,0,0,0.022345520264865797,0,0,0,0.06725930725849727,0,0,0,0,0,0,0,0,0,0,0,0,0,0,0,0,0,0,0,0.068332540220924,0,0,0,0,0,0,0,0,0,0,0,0,0.096995960189132,0,0
990080,Hogwarts Legacy,0.05816207832493214,0.1300715569812119,0,0,0,0,0,0,0.030737777151115656,0,0,0,0,0,0,0,0,0,0,0,0,0,0,0,0,0,0,0,0,0,0,0,0,0,0,0,0,0.05058338327047129,0,0.1138566745391096,0,0.10620747999577003,0,0.06352003947971377,0,0,0,0,0,0,0,0,0,0,0,0,0.13084705135887764,0.07123973351193204,0.05030138531495647,0,0.038845218372166805,0,0,0,0,0,0,0.03648348549473016,0,0,0,0,0,0,0,0,0,0,0.11914413620501252,0,0,0
438100,VRChat,0.017406962785114045,0,0,0.17857142857142858,0,0,0,0,0,0,0,0,0,0,0,0,0,0,0,0,0,0,0,0,0,0,0,0,0,0,0,0,0,0,0,0,0,0.02701080432172869,0.09903961584633854,0.07848139255702281,0.10654261704681872,0,0,0,0,0,0.12590036014405762,0,0,0,0,0,0,0,0,0,0.11689675870348139,0,0,0,0,0,0,0,0,0,0,0,0,0,0,0,0,0.043817527010804325,0,0,0,0,0,0.20633253301320528,0,0
292030,The Witcher 3: Wild Hunt,0.08403248458203579,0.08041765891188862,0,0,0,0,0,0,0.02711119252610368,0,0,0,0.05588325090065335,0,0,0,0,0,0,0,0,0.04560053733895097,0,0,0,0,0,0,0,0,0,0,0,0,0,0,0,0.05388044208340966,0,0.07881785430787079,0,0.13190450021371436,0,0,0,0,0,0,0,0,0,0,0,0,0,0,0.15632899798497893,0.12225682359406485,0,0,0.0706844965500397,0,0,0,0,0,0,0,0,0,0,0,0,0.016303352262319108,0,0,0,0,0.0767784087439702,0,0,0
945360,Among Us,0,0,0,0.09410974673829624,0,0.06456254796623177,0,0,0,0,0.10053722179585571,0,0,0,0,0,0,0,0.12135456638526478,0,0,0,0,0,0,0,0,0,0,0,0,0,0,0,0,0,0,0.06485034535686876,0.0668649270913277,0,0,0,0,0,0,0.09775518035303146,0,0,0.06389102072141213,0,0.07338833461243285,0,0,0,0.06456254796623177,0,0,0,0,0,0,0,0,0,0,0,0,0,0,0,0,0,0,0,0,0,0,0,0,0.1881235610130468,0,0
1097150,Fall Guys: Ultimate Knockout,0,0,0,0.14916372738650585,0,0,0,0,0,0,0,0,0,0,0,0,0,0,0,0,0,0,0,0,0,0,0,0,0,0,0,0,0,0,0,0,0.04801456365911935,0.1062692001365343,0.10843099328706338,0,0,0,0,0,0,0,0,0,0,0,0,0,0,0,0.1463192627147571,0,0,0,0,0.10922744339515303,0,0,0,0,0,0,0,0,0.15007395608146548,0,0,0,0,0,0,0,0,0,0,0.18250085333940153,0,0
49520,Borderlands 2,0,0,0,0.0923894256135946,0,0.02416170878591052,0,0,0,0,0,0,0,0,0,0,0,0,0,0,0,0,0,0,0,0,0,0,0,0,0,0.03111183887342394,0,0,0,0,0,0.16614813601877626,0,0.03702490766515656,0,0.10086785655804814,0,0,0,0,0.09844804686789295,0,0,0,0,0,0,0,0,0,0.06407947164456089,0,0.05414551607445008,0,0,0,0,0,0,0,0,0,0,0.1682586467259793,0,0,0,0,0,0,0,0,0.025398904717719193,0.13796554045448756,0,0
227300,Euro Truck Simulator 2,0.1264759237452659,0,0.12930842430221826,0,0,0,0,0,0,0,0,0,0,0.1268790511653565,0,0,0,0,0,0,0,0,0,0,0,0,0,0,0,0,0,0,0,0,0,0,0.04040821955592332,0,0.04085378144128661,0.040896215906559306,0.13406108441276005,0,0,0,0,0,0,0,0,0.1317484060553982,0,0,0,0,0,0,0.1331911778746698,0,0,0.04263602898273978,0,0,0,0,0,0,0,0,0,0,0,0,0,0,0,0,0,0,0,0.053541686557822266,0,0
892970,Valheim,0,0,0,0,0,0,0,0,0,0,0.14605357027044555,0,0,0,0,0.12024126078215189,0,0,0,0,0,0,0,0,0,0,0,0,0,0,0,0,0,0,0,0,0.07516700175108632,0.07678837797522538,0,0.08197678189247033,0,0,0,0,0,0,0,0,0,0,0,0,0,0,0,0.077436928464881,0.13509306699526558,0,0,0,0,0,0,0,0,0,0,0,0,0,0,0,0,0.0791231597379856,0,0,0,0,0.07665866787729425,0.1314611842531941,0,0
739630,Phasmophobia,0,0,0,0,0.2675243477215342,0,0,0,0.06204160153901647,0.05374534086810148,0,0.12931345437056632,0,0,0,0,0.02873632319345918,0,0,0,0,0,0,0,0,0,0,0,0,0,0.08200072141397138,0,0,0,0,0,0.03498857761211976,0.029217265841048456,0,0,0,0,0,0,0.03973788625706384,0,0.08687026572081279,0,0,0,0,0,0,0,0,0,0,0,0,0,0,0,0,0,0,0,0,0,0,0,0,0,0,0,0,0,0,0,0.023385836239028495,0.1624383792232776,0,0
444090,Paladins,0,0.06195444968395706,0,0.05312531353466439,0,0,0,0,0,0,0,0,0,0,0,0,0,0,0,0,0,0,0,0,0,0,0,0,0,0,0,0,0,0,0,0,0,0.11372529346844587,0,0.053677134543995184,0,0,0.05603491522022675,0,0,0,0.09145179091000301,0,0,0,0,0,0,0,0.08889334804856025,0,0,0,0,0.05949633791511989,0,0,0,0,0,0,0.1123206581719675,0,0,0.14166750275910506,0,0,0,0,0,0,0,0,0,0.16765325574395507,0,0
1203220,NARAKA: BLADEPOINT,0,0,0,0,0,0,0,0,0,0,0.14121699196326062,0,0,0,0,0,0,0,0,0,0,0,0,0,0,0,0,0,0,0,0,0,0.12153518123667377,0,0,0,0,0.14859767098573068,0,0.11907495489585042,0,0,0,0,0,0,0,0,0,0,0,0,0,0,0.15335410857798917,0,0,0,0,0,0,0,0,0,0.13449237329834346,0,0,0,0,0,0,0,0,0,0,0,0,0,0,0.18172871904215188,0,0
320,Half-Life 2: Deathmatch,0.019700214132762312,0,0,0.048394004282655244,0,0.0835117773019272,0,0,0,0,0,0,0,0,0,0,0,0,0,0,0,0,0,0,0,0,0,0,0,0,0,0,0,0,0,0,0,0.3781584582441114,0,0.014989293361884369,0,0,0,0,0,0,0.11049250535331906,0,0,0,0,0,0,0,0.03297644539614561,0,0,0,0,0,0,0,0,0,0,0,0,0,0,0.11734475374732334,0,0,0,0,0,0,0,0,0.01113490364025696,0.18329764453961456,0,0
70,Half-Life,0.08280003506618742,0,0,0,0,0.08643815201192251,0,0.0810905584290348,0,0,0,0,0,0,0,0,0,0,0,0,0,0,0,0,0,0,0,0,0,0,0,0,0,0,0,0,0,0.08472867537476987,0,0.08073989655474709,0,0,0,0.08030156921188744,0,0,0.08464100990619795,0,0,0,0,0,0,0,0.07762777242044358,0,0,0.08363285701762076,0,0,0,0,0,0,0,0,0,0,0,0.08516700271762953,0,0,0,0,0,0,0,0,0.08643815201192251,0.08639431927763654,0,0
582010,Monster Hunter: World,0.04703662286832541,0.08987978753145094,0,0,0,0,0,0,0,0,0,0,0,0,0,0,0,0,0,0,0,0,0,0,0,0,0,0,0,0,0,0,0,0,0,0,0,0.17794240984064857,0,0.09407324573665082,0,0.13335197092535644,0,0,0,0,0,0,0,0,0,0,0,0,0,0,0.14145932345540957,0,0,0,0,0,0,0,0.04326251048364551,0,0,0,0,0,0,0,0,0,0,0,0,0,0.07855745037741124,0.1944366787811015,0,0
227940,Heroes & Generals,0.031142538867632102,0,0,0,0,0,0,0,0,0,0,0,0,0,0,0,0.05845885600813677,0,0,0,0,0,0,0,0,0,0.14132803797161816,0.05337337143410665,0,0,0,0,0,0,0,0,0.0256695888022473,0.11706301157553155,0,0.028624013173826707,0.03540465927253354,0,0.05991185160071681,0,0,0,0.08897176345231753,0,0,0,0,0,0,0,0,0,0.04940185014772122,0,0,0,0,0,0,0,0,0,0,0,0,0.13062430377294523,0,0,0,0,0,0.017678113043057102,0,0,0,0.16234804087760935,0,0
252950,Rocket League,0,0,0,0.07576180043815973,0,0,0,0,0,0,0,0,0,0,0.16004779924317866,0,0,0,0,0,0.1549093806014738,0,0,0,0,0,0,0,0,0,0,0,0,0,0,0,0.03505277833100976,0.07735510854411472,0.04795857398924517,0,0,0,0,0,0,0,0,0,0,0,0,0,0,0,0,0,0,0,0,0,0,0,0,0,0,0,0.13642700657239593,0,0,0,0,0,0,0,0,0,0,0,0.049193387771360286,0.26329416450906196,0,0
108600,Project Zomboid,0,0,0,0,0,0,0,0,0,0,0.15630622984213208,0,0,0,0,0.05011033780342896,0,0,0,0,0,0,0,0,0,0.06762858597861145,0,0,0.12782210151077916,0,0,0,0,0,0,0,0.04926158546936004,0,0,0.02777117637073502,0.04790358173484977,0.0473264301476829,0,0,0,0.030724834493294856,0,0,0,0.04009506026141572,0,0,0,0.03707350195213037,0,0,0.10653539297233068,0,0,0,0,0,0,0,0,0,0,0,0,0,0,0,0,0.08056357154982176,0,0,0,0,0.034730945510100156,0.09614666440332711,0,0
1966720,Lethal Company,0.08518482584651207,0,0,0.11623168720287183,0.18831861841466965,0.09022994081692054,0,0,0,0,0,0.11312700106723586,0,0,0,0,0,0,0,0,0,0,0,0,0,0,0,0,0,0,0,0,0,0,0,0,0,0.06034733676142427,0,0.06694479479965072,0,0,0,0.05258562142233433,0,0,0.14155428349665275,0,0,0,0,0,0,0,0,0.08547589017172795,0,0,0,0,0,0,0,0,0,0,0,0,0,0,0,0,0,0,0,0,0,0,0,0,0,0
1174180,Red Dead Redemption 2,0.06815545243619489,0,0,0,0,0,0,0,0,0,0,0,0,0,0,0,0,0,0,0,0,0,0,0,0,0,0,0,0,0,0,0,0,0,0,0,0,0.09848359297315214,0,0.10867583692409678,0,0,0,0,0,0,0.03720583360954591,0,0,0.0942161087172688,0,0,0,0,0,0,0.15822837255551872,0.1269058667550547,0,0,0,0,0,0,0,0,0,0,0,0.07590321511435201,0,0,0,0.04250911501491548,0,0,0,0,0.08211799801126947,0.10759860788863108,0,0
1517290,Battlefield 2042,0,0,0,0,0,0,0.06980880391285016,0,0,0,0,0,0,0,0,0,0,0,0,0,0,0,0,0,0,0,0.10211946050096339,0,0,0,0,0,0,0,0,0,0,0.09485697346969023,0.03408922484066993,0.0426856380613606,0,0,0,0,0,0,0.08670520231213873,0,0,0,0,0,0,0,0.07588557877575218,0,0,0,0.082258781680747,0,0,0,0,0,0,0,0.08181413961760782,0,0,0.11442122424781384,0,0,0,0,0,0,0,0,0.1004891062694531,0.11486586631095301,0,0
1240440,Halo Infinite,0.05899490167516387,0,0,0,0,0.08579752367079388,0,0,0,0,0,0,0,0,0,0,0,0,0.06846321922796796,0,0,0,0,0,0,0,0,0,0,0,0,0,0,0,0,0,0,0.09118718135469774,0,0.06613255644573926,0,0,0,0,0,0,0.0900218499635834,0,0,0,0,0,0,0,0.07370721048798252,0,0.08623452294246177,0.07021121631463947,0,0,0,0,0,0,0,0,0,0,0,0.09512017479970866,0,0,0,0,0,0,0,0,0.10458849235251275,0.10954115076474873,0,0
648800,Raft,0,0,0,0,0,0,0,0,0,0,0.22976949485041687,0,0,0,0,0.10706228543403629,0,0,0,0,0,0,0,0,0,0,0,0,0,0,0,0,0,0,0,0,0.02663070132417852,0.02839627268268759,0,0.07881314369789112,0.0327611574301128,0,0.023589995095635117,0,0,0,0.04644433545855812,0,0,0,0,0,0,0,0,0,0.11358509073075036,0,0,0,0,0,0,0,0,0,0,0,0,0,0,0,0,0.07052476704266797,0,0,0,0,0.04109857773418343,0.2013241785188818,0,0
386360,SMITE,0,0,0,0,0,0,0,0,0,0,0,0,0,0,0,0,0,0,0,0,0,0,0,0,0,0,0,0,0,0,0,0,0,0,0,0,0,0.16400875547217011,0.08849280800500313,0.08864915572232646,0,0.08911819887429644,0.14743589743589744,0,0,0,0,0,0,0,0,0,0,0,0.10475297060662914,0,0,0,0,0,0,0,0,0,0,0,0.11741713570981864,0,0,0,0,0,0,0,0,0,0,0,0,0.20012507817385866,0,0
444200,World of Tanks Blitz,0,0,0,0,0,0,0,0,0,0,0,0,0,0,0,0,0,0,0,0,0,0,0,0,0,0,0.09211257174597297,0,0,0,0,0,0,0,0,0,0,0.17515274949083504,0,0,0,0,0.09414923162377338,0,0,0,0,0,0,0.09072394001110905,0,0,0,0,0.09350120348083688,0,0,0,0,0,0,0,0,0,0,0,0.09239029809294574,0,0,0.17654138122569896,0,0,0,0,0,0,0,0,0.09090909090909091,0.09451953341973708,0,0
10,Counter-Strike,0,0,0,0,0,0,0,0,0,0,0.016681299385425813,0,0,0,0,0,0.07183804162578113,0,0,0,0,0,0,0,0,0,0,0,0,0,0,0,0,0,0,0,0,0.28425347311883487,0,0,0,0,0.03315601921189898,0,0,0,0.09094665082890048,0,0,0,0,0,0,0,0.04792645767701286,0,0,0,0,0,0,0,0,0,0,0,0.09920983318700614,0,0,0.17657387801477045,0,0,0,0,0,0,0,0,0,0.17941434695036926,0,0
240,Counter-Strike: Source,0.0159777342542006,0,0,0,0,0,0,0,0,0,0.014689207298216678,0,0,0,0,0,0.07030203071848264,0,0,0,0,0,0,0,0,0,0.03391402948149675,0,0,0,0,0,0,0,0,0,0,0.16400371095763325,0,0,0.012885269559839192,0,0.027626017936295228,0,0,0,0.07818781568910421,0,0,0,0,0,0,0,0.054118132151324605,0,0,0,0,0,0,0,0,0,0,0,0.08875373672817236,0,0,0.2746624059375322,0,0,0,0.010926708586743635,0,0,0,0,0.021904958251726628,0.13204824244923205,0,0
3164500,Schedule I,0,0,0,0,0,0,0,0,0,0,0,0,0,0.11821998320738875,0,0.07506297229219143,0,0,0,0,0,0,0,0,0,0,0,0,0,0.0690176322418136,0,0,0,0,0,0,0,0.08480268681780016,0,0,0.14995801847187237,0,0.06011754827875734,0.047019311502938706,0,0,0.09538203190596138,0,0,0,0,0,0,0,0,0,0.11872376154492023,0,0,0,0,0,0,0,0,0,0,0,0,0.05272879932829555,0,0,0,0,0,0,0,0,0,0.12896725440806045,0,0
755790,Ring of Elysium,0,0,0,0,0,0,0,0,0,0,0.13072591690762442,0,0,0,0,0,0.07517881600973976,0,0,0,0,0,0,0,0,0,0,0,0,0,0,0,0,0,0,0,0,0.10515903211078984,0,0,0,0,0,0,0.07517881600973976,0,0.0575254907928778,0,0,0,0,0,0,0,0.07700502206665652,0,0.07715720590473292,0,0,0,0,0,0,0,0,0,0,0,0,0.16344544209404963,0,0,0,0,0,0,0,0,0.07898341196164967,0.1596408461421397,0,0
400,Portal,0.0431970431970432,0,0,0.06456456456456457,0,0.11873411873411874,0,0,0,0,0,0,0,0,0,0,0,0,0,0,0,0,0,0,0,0,0,0,0,0,0,0.04227304227304227,0,0,0,0,0,0.06248556248556249,0,0.0390967890967891,0,0,0,0,0,0,0.14951489951489952,0,0,0,0,0,0,0,0,0,0,0.053765303765303765,0,0,0,0,0,0,0,0,0,0.24665049665049665,0.05053130053130053,0,0,0,0,0,0,0,0,0,0.12918687918687918,0,0,0
1222670,The Sims 4,0,0.08008810159801302,0.08233750410047332,0.0806504522236281,0,0,0,0,0,0,0,0,0,0,0,0.09035100051548807,0,0,0,0.08739865973100895,0,0,0,0,0,0,0,0,0,0,0,0,0,0,0,0,0,0,0.08219691644406954,0.0797600637330709,0.08655513379258635,0,0,0,0,0,0,0,0,0.08097849008857022,0.07840104972116782,0,0,0,0,0,0,0,0,0,0,0,0,0,0,0,0,0,0,0,0,0,0,0.08599278316697127,0,0,0,0,0.08528984488495243,0,0,0
550650,Black Squad,0,0,0,0,0,0,0,0,0,0,0,0,0,0,0,0,0.057619486234776376,0,0,0,0,0,0,0,0,0,0.06089448367618463,0,0,0,0,0,0,0,0,0,0,0.12578037048408555,0,0.027018728891618052,0,0,0.03653669020571078,0,0,0,0.08842493091802273,0,0,0,0,0,0,0,0.07430150445194965,0,0.03725309589601883,0,0,0,0,0,0,0,0,0,0.054037457783236105,0,0,0.18206938900828984,0,0,0,0,0,0,0,0,0.07491556647221369,0.18114829597789378,0,0
322330,Don't Starve Together,0.023281624102154827,0,0,0.022371308858739027,0.016909417398244215,0,0,0,0,0,0.5135799082202713,0,0,0,0,0,0,0,0,0,0,0,0,0,0,0,0,0,0,0,0,0,0,0,0,0,0.03037709497206704,0.01411612130885874,0,0.06355995610534716,0,0,0.01860534716679968,0,0,0.028955506783719075,0,0,0,0,0,0,0,0,0,0,0.07429668794892258,0,0,0,0,0,0,0,0,0,0,0,0,0,0,0,0,0.04581504389465283,0,0,0,0,0.016323324022346368,0.1318086592178771,0,0
239140,Dying Light,0,0,0,0,0.0904090473949798,0,0,0,0,0,0.06998101604711915,0,0,0,0,0,0,0,0,0,0,0,0,0,0,0.06340964774220766,0,0,0.09800262854732196,0.06550275023932761,0,0,0.07669841475880644,0,0,0,0,0.06866674238613685,0,0,0,0,0,0,0,0,0.07153867371939446,0,0,0,0,0,0,0,0.06519446382502313,0.06610309746718372,0.07845077964011618,0.0630851357271503,0,0,0,0,0,0,0.05883402832989892,0,0,0,0,0,0,0,0,0,0,0,0,0,0,0.06412357417533385,0,0
477160,Human Fall Flat,0,0,0,0.12801947843916192,0,0,0,0,0,0,0,0,0,0,0,0,0,0,0,0,0,0,0,0,0,0,0,0,0,0,0,0,0.038316140193502914,0,0,0,0.04324982379701416,0.11776766835394374,0.02729544435189338,0.12302172102261806,0.017684372397001345,0,0,0,0,0,0,0,0,0,0,0,0,0,0,0,0.11738322547574806,0,0,0,0,0,0,0,0,0,0,0.12552059973089,0,0,0,0,0,0.1189850708015634,0,0,0,0,0.023386941756903954,0.11936951367975908,0,0
251570,7 Days to Die,0,0,0,0,0.0694103889245162,0,0,0,0,0,0.1321626617375231,0,0,0,0,0.07699271945377041,0,0,0,0,0,0,0,0,0,0.08053868497491418,0,0,0.09981515711645102,0,0,0,0,0,0,0,0,0.06967445018672903,0,0,0.07152287902221886,0,0.06937266588705722,0,0,0,0,0,0,0,0,0,0,0,0,0,0.09232713418084425,0,0,0,0,0,0,0,0,0,0,0,0,0,0,0,0,0.07516315213701007,0,0,0.06976875778037647,0,0,0.09325134859858916,0,0
100,Counter-Strike: Condition Zero,0.012150141028422651,0,0,0,0,0,0,0,0.008244738555001085,0,0.01583857669776524,0,0,0,0,0,0.07702321544803645,0,0,0,0,0,0,0,0,0,0,0,0,0,0,0,0,0,0,0,0,0.29051855066174875,0,0.018008244738555,0.008244738555001085,0,0.037535257105662835,0,0,0,0.09438055977435453,0,0,0,0,0,0,0,0,0,0.011065307008027771,0,0,0,0,0,0,0,0,0,0.06574094163592971,0,0,0.1568669993490996,0,0,0,0,0,0,0,0,0.07810804946843133,0.126274679973964,0,0
1665460,eFootball,0,0,0,0.011473842371260756,0,0,0,0,0,0,0,0,0,0,0.15503346537358284,0,0,0,0,0,0,0,0,0,0,0,0,0,0,0,0,0,0,0,0,0,0,0,0,0,0.13208578063106133,0,0,0,0,0,0,0,0,0.11665073077448436,0,0,0,0,0.1300368802076219,0,0,0,0,0.16664390110640623,0,0,0,0,0,0,0,0,0,0,0,0,0,0,0,0,0,0,0.12443655238355415,0.16363884715202842,0,0
417910,Street Warriors Online,0,0,0,0.020348837209302327,0,0,0,0,0,0,0,0,0,0,0.20348837209302326,0,0,0,0,0,0,0,0,0,0,0,0,0,0,0,0,0,0,0,0,0,0.023255813953488372,0.2238372093023256,0,0,0.125,0,0,0,0,0,0,0,0,0,0,0,0,0,0.08139534883720931,0,0.09593023255813954,0,0,0,0,0,0,0,0,0,0,0,0,0,0,0,0,0,0,0,0,0,0.014534883720930232,0.21220930232558138,0,0
433850,Z1 Battle Royale,0,0,0,0,0,0,0,0,0,0,0.2531712942428812,0,0,0,0,0,0,0,0,0,0,0,0,0,0,0,0,0,0.06794996895236406,0,0,0,0,0,0,0,0,0.09607025636476536,0,0.05056329282356072,0,0,0,0,0,0,0.04470859575978001,0,0,0,0,0,0,0,0.11035216889913954,0,0.13616606049853633,0,0,0,0,0,0,0,0,0,0,0,0,0.09553801117714894,0,0,0,0,0,0,0,0,0,0.14548035128182382,0,0
594650,Hunt: Showdown 1896,0.1076736951261666,0,0,0,0.09734704459039059,0,0,0,0,0,0,0,0,0,0,0,0.10711199446940892,0,0,0,0,0,0,0,0,0,0,0,0.0826564120290356,0,0,0,0,0,0,0,0,0.08995852056688558,0,0,0,0,0,0,0,0,0,0,0,0,0,0,0,0,0.09829761493259592,0,0.11800034566194262,0,0,0,0,0,0,0,0,0,0.09181645350846872,0,0,0.09851365364673349,0,0,0,0,0,0,0,0,0,0.10862426546837194,0,0
814380,Sekiro: Shadows Die Twice - GOTY Edition,0.06711463730569948,0,0,0,0,0,0,0,0.03788860103626943,0,0,0,0,0,0,0,0,0,0,0,0,0.05804727979274611,0,0,0,0,0,0,0,0.1054080310880829,0,0,0,0,0,0,0,0.17017487046632124,0,0.09698834196891191,0,0.055375647668393785,0,0,0,0,0,0,0,0,0,0,0,0,0,0,0.08711139896373057,0.07844883419689119,0,0,0,0,0,0,0.05723769430051814,0,0,0,0,0,0,0,0,0,0,0,0,0.04258419689119171,0.14362046632124353,0,0,0
1116170,CyberCorp,0,0,0,0,0,0,0,0,0,0,0,0,0,0,0,0,0.08780748062450859,0,0,0,0,0,0,0,0,0,0,0,0,0,0,0,0,0,0,0,0.08205801415253286,0.0810400988430866,0,0.07913063012467708,0,0.0795237560372908,0,0,0,0,0,0,0.12871363585308324,0,0,0,0,0.126158317421094,0,0.12624957879366505,0,0,0,0,0,0,0,0,0,0,0,0,0,0.08075227451420869,0,0,0,0,0,0,0,0,0.12856621363585308,0,0,0
220,Half-Life 2,0.061848273222998185,0,0,0,0.0491246532096049,0.1289103606620109,0,0,0,0,0,0,0,0,0,0,0,0,0,0,0,0,0,0,0,0,0,0,0.05763895532383048,0,0,0,0,0,0,0,0,0.1457954654166268,0,0.07318473165598392,0,0,0,0,0,0,0.08581268535348703,0,0,0,0,0,0,0,0,0,0,0.10174112694920119,0,0,0,0,0,0,0,0,0,0.041806180044006505,0,0.09140916483306227,0,0,0,0,0,0,0,0,0.1166650722280685,0.04606333110111929,0,0
107410,Arma 3,0,0,0,0,0,0,0,0,0,0,0,0,0,0,0,0,0.07200686490318248,0,0,0,0,0,0,0,0,0,0.06633585792635152,0,0,0,0,0,0,0,0,0,0,0.10814087975226654,0,0,0.09810468977353282,0,0.05197179420214155,0,0,0,0.07971122635525874,0,0,0.0841323732418013,0,0,0,0,0,0,0.07443196657090624,0,0.03639517964406969,0,0,0,0,0,0,0,0.03329851136066858,0,0,0.09823527217102564,0,0,0,0.05135619147110398,0,0,0,0,0.03993955900458904,0.1059396336231019,0,0
1326470,Sons Of The Forest,0.055099081681971966,0,0,0,0.09355029268030718,0,0,0,0,0,0.14172171204554,0,0,0,0,0.0712099242790398,0,0,0,0,0,0,0,0,0,0,0,0,0,0,0,0,0,0,0,0,0,0.04462703399387788,0,0.06793405295096934,0.04172708232640567,0,0,0.04983620643359648,0,0,0.07351914505128618,0,0,0,0,0,0,0,0,0,0.12700714247355135,0,0,0,0,0,0,0,0,0,0,0,0,0,0,0,0,0.05015842328553784,0,0,0,0,0.06089898501691639,0.12271091778099995,0,0
219990,Grim Dawn,0.024138913858499048,0.04415601499638245,0,0,0,0,0,0,0.06432658788450155,0,0,0,0,0,0,0,0,0,0,0,0,0.16254850803534235,0,0,0,0.02161759224748416,0,0,0,0,0,0,0,0,0,0,0,0.040165749490254546,0,0.04424371313937427,0,0.1305606103790752,0,0,0,0,0,0,0,0,0,0,0,0.16270197978557804,0,0,0,0,0,0,0.017495779526868517,0,0,0,0.16550832036131635,0,0,0,0,0,0,0,0,0,0,0,0,0,0.06649711692354915,0.056039113371774356,0,0
255710,Cities: Skylines,0,0,0,0.018431436138587103,0,0,0,0,0,0,0,0,0,0.14037079076806658,0,0.16934219771904221,0,0,0,0,0,0,0,0,0,0,0,0,0,0,0,0,0,0,0,0,0,0.00832387438516837,0.04199772985244041,0,0.20074590562672287,0,0.12939841089670828,0,0,0,0,0,0,0.057077995784011674,0,0,0,0,0,0,0,0,0,0,0,0,0,0,0,0,0,0,0,0,0,0,0,0.11929084914328955,0,0,0,0,0.11502080968596293,0,0,0
261550,Mount & Blade II: Bannerlord,0,0,0,0,0,0,0,0,0,0,0,0,0.11950601051840722,0,0,0,0,0,0,0,0,0,0,0,0,0,0.09166040570999248,0.037424868519909844,0,0,0,0,0,0,0,0,0,0.056630353117956424,0,0.04653456048084147,0.05198159278737791,0.0926465063861758,0.10598234410217881,0,0,0,0.0371900826446281,0,0,0.0403831705484598,0,0,0,0,0,0,0.10208489857250187,0,0,0,0,0,0,0,0,0,0,0,0,0,0,0,0,0.07846543951915853,0,0,0,0,0.062265214124718256,0.07724455296769346,0,0
8930,Sid Meier's Civilization V,0,0,0,0,0,0,0,0,0,0,0,0,0,0,0,0,0.06160699277189444,0,0,0,0,0,0,0,0,0,0,0.18364430996806186,0,0,0,0,0,0,0,0,0,0,0,0,0.05118507312153303,0,0.36653219028408135,0,0,0,0,0,0,0,0,0,0,0,0,0,0,0,0,0,0,0,0,0,0,0,0,0,0,0,0,0,0,0,0,0,0,0,0.13506471675911919,0.20196671709531014,0,0
304050,Trove,0,0.1312209953592575,0,0,0,0,0,0,0,0,0,0,0,0,0,0.1278604576732277,0,0,0,0,0,0,0,0,0,0,0,0,0,0,0,0,0,0,0,0,0,0.07222488931562383,0,0.11180455539552996,0,0.1278604576732277,0,0,0,0,0,0,0,0,0,0,0,0,0,0,0.15069077719101723,0,0,0,0,0,0,0,0,0,0,0,0,0,0,0,0,0.15021070037872727,0,0,0,0,0,0.1281271670133888,0,0
289070,Sid Meierâ€™s Civilization VI,0.015861908094238396,0,0,0,0,0,0,0,0,0,0,0,0,0.04984060337454319,0,0.04890754995723505,0.06352538682839592,0,0,0,0,0,0,0,0,0,0.08514112432936785,0.13296011196641008,0,0,0,0,0,0,0,0,0,0,0,0,0.08389705310629034,0,0.27540626700878623,0,0,0,0,0,0,0,0,0,0,0,0,0,0,0,0,0,0,0,0,0,0,0,0,0,0,0,0,0,0,0,0,0,0,0,0.10940051317937952,0.1350594821553534,0,0
377160,Fallout 4,0.0733779534373828,0,0,0,0,0.05354412485936012,0,0,0,0,0.04256700227908721,0,0,0,0,0,0,0,0,0,0,0,0,0,0,0.12529209820269452,0,0,0,0,0,0,0,0,0,0,0,0.05422208118166345,0,0.07435882641433228,0,0.0904999567261922,0,0,0,0,0.06423275538758907,0,0,0,0,0,0,0,0,0,0.1424573752993105,0.06248737847272308,0,0,0,0,0,0,0,0,0,0,0,0.07063727894296512,0,0,0,0.04761561318985662,0,0,0,0,0.09870755560684304,0,0,0
532210,Life is Strange 2,0.09437386569872959,0,0,0.014216575922565033,0,0,0,0,0,0.03357531760435572,0,0,0,0,0,0,0,0.0765275257108288,0,0,0,0,0,0,0,0,0,0,0,0,0,0,0,0,0,0,0,0,0,0.16515426497277677,0,0,0,0,0,0,0,0,0,0,0,0,0,0,0,0,0,0.20810647307924984,0,0,0.22413793103448276,0,0,0,0,0,0,0.02026618269812462,0,0,0,0,0,0,0.04295220810647308,0,0,0,0.1206896551724138,0,0,0
2186680,"Warhammer 40,000: Rogue Trader",0,0,0,0,0,0,0.07457907811206183,0,0,0,0,0,0,0,0,0,0,0,0,0.08367651117858128,0,0.08436838715613212,0,0,0,0,0,0,0,0,0,0,0,0,0,0,0,0.07475572729781949,0,0.07452755543288252,0,0.07474100653233968,0.07477780844603919,0,0,0,0,0,0,0,0,0,0,0,0,0,0,0.08537307940012881,0,0,0.07463060079124115,0,0.07446499217959333,0.07489189437850768,0,0,0,0,0,0,0,0,0,0,0,0,0,0,0.07467844327905052,0.07453491581562241,0,0
1238810,Battlefield V,0.05120725976340949,0,0,0,0,0,0,0,0,0,0,0,0,0,0,0,0,0,0,0,0,0,0,0,0,0,0.11148922378868903,0.06757413709285368,0,0,0,0,0,0,0,0,0,0.06854642683519689,0,0,0,0,0,0,0,0,0.08539944903581267,0,0,0,0,0,0,0,0.07826932425862908,0,0.0725976340949603,0,0.07810727596823853,0,0,0,0,0,0,0,0,0,0,0.12202236266407389,0,0,0,0,0,0,0,0,0.131421163506725,0.13336574299141143,0,0
3241660,R.E.P.O.,0,0,0,0,0.19155435759209344,0.061635220125786164,0,0,0,0,0.08409703504043127,0,0,0,0,0,0,0,0,0,0,0,0,0,0,0.06918238993710692,0,0,0,0.10134770889487871,0,0,0,0,0,0,0,0.0945193171608266,0,0,0,0,0,0,0.11320754716981132,0,0.11266846361185984,0,0,0,0,0,0,0,0,0,0,0,0,0,0,0,0,0,0,0,0,0,0,0,0,0,0,0,0,0,0,0,0,0.17178796046720576,0,0
221100,DayZ,0.06785726031902647,0,0,0,0.06815984213122842,0,0,0,0,0,0.10644301924025654,0,0,0,0,0,0,0,0,0,0,0,0,0,0,0.06924518993586581,0,0,0.07001480019733597,0,0,0,0,0,0,0,0,0.06831113303732939,0,0.0680282848215754,0.06797566189771419,0,0,0,0,0,0.06798223976319684,0,0,0,0,0,0,0,0.06872553856273639,0,0.07073178753494491,0,0,0,0,0,0,0,0,0,0,0,0,0.06888340733432001,0,0,0,0.06811379707284985,0,0,0,0,0,0.0695280381516198,0,0
526870,Satisfactory,0,0,0,0,0,0.049514827242223634,0,0,0,0,0.0663825156434207,0,0,0,0,0.12569148453795229,0,0,0,0,0,0,0,0,0,0,0,0,0,0,0,0,0,0,0,0,0.04017411807381881,0,0,0.07218645143738098,0.06275505577219552,0,0.05531876303618391,0,0,0,0.06293642876575678,0,0,0,0,0,0,0,0,0,0.15208125510111545,0,0,0,0,0,0,0,0,0,0,0,0,0,0,0,0,0.11607871587920558,0,0,0,0,0.049514827242223634,0.1473655572685227,0,0
1089350,NBA 2K20,0,0,0,0,0,0,0,0,0,0,0,0,0,0,0.35428571428571426,0,0,0,0,0,0,0,0,0,0,0,0,0,0,0,0,0,0,0,0,0,0,0,0.0419047619047619,0,0.24,0,0,0,0,0,0,0,0,0.024761904761904763,0,0,0,0,0,0,0,0,0,0.02857142857142857,0,0,0,0,0,0,0,0,0,0,0,0,0,0,0,0,0,0,0.09714285714285714,0.21333333333333335,0,0
632360,Risk of Rain 2,0,0,0,0,0,0,0,0,0,0,0.11345702708466623,0,0,0,0,0,0,0,0,0,0,0,0,0,0,0,0,0,0,0,0,0,0,0,0,0,0.11676263595649392,0.23693751332906804,0,0,0,0,0,0,0,0,0,0,0,0,0,0,0,0,0,0,0,0,0,0,0,0,0,0,0,0,0,0,0,0.13510343356792492,0,0,0,0,0,0,0,0,0.11164427383237364,0.28609511622947326,0,0
1811260,EA SPORTS FIFA 23,0,0,0,0,0,0,0,0,0,0,0,0,0,0.10943869551583568,0.12966447162119787,0,0,0,0,0,0,0,0,0,0,0,0,0,0,0,0,0,0,0,0,0,0,0,0,0,0.10802759485732205,0,0,0,0,0,0,0,0,0.1050486045782377,0,0,0,0,0.1136719974913766,0.026810912511759172,0,0,0,0.11994355597365945,0,0,0,0,0,0,0.10693007212292255,0,0,0,0,0,0,0,0,0,0,0,0.08341172781436187,0.09705236751332706,0,0
